{"score": 54.449999999999996, "measure": "accuracy", "iqr": 0.19999999999999574}