{"score": 39.21022448475935, "measure": "matthews_correlation", "iqr": 1.7208046221092559}