{"score": 97.39999999999999, "measure": "accuracy", "iqr": 0.04999999999998295}