{"score": 93.09428950863213, "measure": "accuracy", "iqr": 0.39840637450200234}