{"score": 53.45814891076427, "measure": "matthews_correlation", "iqr": 1.380110619326281}