{"score": 55.97285067873303, "measure": "accuracy", "iqr": 0.7692307692307665}