{"score": 94.02390438247012, "measure": "accuracy", "iqr": 1.1952191235059928}