{"score": 92.43027888446214, "measure": "accuracy", "iqr": 0.13280212483400078}