{"score": 45.9701773124898, "measure": "matthews_correlation", "iqr": 1.2683307940978779}