{"score": 55.38461538461539, "measure": "accuracy", "iqr": 0.7692307692307665}