{"score": 55.42986425339367, "measure": "accuracy", "iqr": 0.4524886877828038}