{"score": 57.14932126696832, "measure": "accuracy", "iqr": 0.5429864253393646}