{"score": 57.14932126696832, "measure": "accuracy", "iqr": 0.40723981900452344}