{"score": 92.09827357237715, "measure": "accuracy", "iqr": 0.06640106241698618}