{"score": 53.150283099681204, "measure": "matthews_correlation", "iqr": 1.7152417360890908}