{"score": 35.80199721537143, "measure": "matthews_correlation", "iqr": 1.2473016073982848}