{"score": 57.601809954751126, "measure": "accuracy", "iqr": 0.09049773755656076}