{"score": 92.56308100929614, "measure": "accuracy", "iqr": 0.5312084993359889}