{"score": 0.70375, "iqr": 0.004624999999999879}