{"score": 23.209493377388043, "measure": "matthews_correlation", "iqr": 1.4957081012084146}