{"score": 93.89110225763613, "measure": "accuracy", "iqr": 0.3984063745019881}