{"score": 51.00382451324486, "measure": "matthews_correlation", "iqr": 4.249947763151873}