{"score": 93.22709163346613, "measure": "accuracy", "iqr": 0.26560424966798735}