{"score": 22.14601969301584, "measure": "matthews_correlation", "iqr": 1.3961686419622872}