{"score": 93.35989375830013, "measure": "accuracy", "iqr": 0.6640106241699755}