{"score": 91.23505976095618, "measure": "accuracy", "iqr": 0.7968127490039763}