{"score": 57.420814479638004, "measure": "accuracy", "iqr": 0.8597285067873273}