{"score": 96.89999999999999, "measure": "accuracy", "iqr": 0.09999999999999432}