{"score": 92.80000000000001, "measure": "accuracy", "iqr": 0.3999999999999915}