{"score": 92.43027888446214, "measure": "accuracy", "iqr": 0.5312084993359889}