{"score": 58.054298642533944, "measure": "accuracy", "iqr": 0.2262443438914019}