{"score": 56.99095022624434, "measure": "accuracy", "iqr": 0.2714932126696823}