{"score": 57.49999999999999, "measure": "accuracy", "iqr": 0.45000000000000995}