{"score": 0.7210000000000001, "iqr": 0.010000000000000009}