{"score": 90.30544488711818, "measure": "accuracy", "iqr": 0.26560424966798735}