{"score": 28.58130910049333, "measure": "matthews_correlation", "iqr": 0.3628010909949744}