{"score": 94.42231075697211, "measure": "accuracy", "iqr": 0.13280212483400078}