{"bge-small (PyTorch)": {"size_mb": 127.324, "accuracy": 0.9059633027522935, "time_avg_ms": 8.99405762553215, "time_std_ms": 1.2180459620924249, "batch_sizes": [4, 16, 32, 1024, 2048, 4096], "throughputs_avg": [337.71496879890447, 805.7972895648645, 623.1941786323946, 1108.359564923836, 1252.5140034602703, 1378.9416270283305], "throughputs_std": [34.79134072613628, 36.05623182109112, 57.513019718046145, 179.43686380808356, 212.03315575329978, 140.99369135611812]}}