{"score": 95.19999999999999, "measure": "accuracy", "iqr": 0.6000000000000085}