{"score": 56.56108597285068, "measure": "accuracy", "iqr": 0.7692307692307665}