{"score": 94.55511288180611, "measure": "accuracy", "iqr": 0.39840637450200234}