{"score": 0.71025, "iqr": 0.00825000000000009}