{"score": 93.30000000000001, "measure": "accuracy", "iqr": 0.6000000000000085}