{"score": 54.800000000000004, "measure": "accuracy", "iqr": 0.8500000000000014}