{"score": 53.710407239819006, "measure": "accuracy", "iqr": 0.36199095022624306}