{"score": 91.63346613545816, "measure": "accuracy", "iqr": 0.3984063745019881}