{"score": 88.97742363877822, "measure": "accuracy", "iqr": 0.26560424966798735}