{"score": 57.420814479638004, "measure": "accuracy", "iqr": 0.36199095022624306}