{"score": 53.736598558746074, "measure": "matthews_correlation", "iqr": 3.951373589478564}