{"score": 56.15384615384615, "measure": "accuracy", "iqr": 0.7239819004524861}