{"score": 33.52376613881181, "measure": "matthews_correlation", "iqr": 0.795692569621842}