{"score": 18.33279988037232, "measure": "matthews_correlation", "iqr": 1.2722059457773653}