{"score": 56.92307692307692, "measure": "accuracy", "iqr": 0.6787330316742057}