{"score": 54.11764705882353, "measure": "accuracy", "iqr": 0.9049773755656148}