{"score": 23.32492043984493, "measure": "matthews_correlation", "iqr": 2.275367348078287}