{"score": 36.937148328980015, "measure": "matthews_correlation", "iqr": 2.4349170604326886}