{"score": 26.20152130726255, "measure": "matthews_correlation", "iqr": 0.32570337559882034}