{"score": 48.5746144218481, "measure": "matthews_correlation", "iqr": 0.6220343080574366}