{"score": 44.43006131305642, "measure": "matthews_correlation", "iqr": 1.2963205919910408}