{"score": 97.39999999999999, "measure": "accuracy", "iqr": 0.14999999999999147}