{"score": 92.29747675962815, "measure": "accuracy", "iqr": 0.26560424966800156}