{"score": 73.55000000000001, "measure": "accuracy", "iqr": 0.20000000000000284}