{"score": 92.16467463479415, "measure": "accuracy", "iqr": 0.13280212483400078}