{"score": 0.7224999999999999, "iqr": 0.00187499999999996}