{"score": 55.800000000000004, "measure": "accuracy", "iqr": 0.3500000000000085}