{"score": 24.731562113414988, "measure": "matthews_correlation", "iqr": 1.3054978378321422}