{"score": 52.8012961506771, "measure": "matthews_correlation", "iqr": 3.181175619960797}