{"score": 54.29864253393665, "measure": "accuracy", "iqr": 0.2262443438914019}