{"score": 29.855475530543615, "measure": "matthews_correlation", "iqr": 0.9940228062026009}