{"score": 54.449999999999996, "measure": "accuracy", "iqr": 0.9000000000000057}