{"score": 57.10407239819004, "measure": "accuracy", "iqr": 0.950226244343888}