{"score": 56.56108597285068, "measure": "accuracy", "iqr": 0.2262443438914019}