{"score": 88.71181938911022, "measure": "accuracy", "iqr": 1.3280212483399652}