{"score": 91.76626826029216, "measure": "accuracy", "iqr": 0.3984063745019881}