{"score": 55.38461538461539, "measure": "accuracy", "iqr": 0.2714932126696823}