{"score": 56.65158371040724, "measure": "accuracy", "iqr": 0.2714932126696823}